time,d1_comms,d2_comms,d3_comms,archive_size
0.0,0,0,0,0
0.03125905990600586,0,0,0,0
0.06257176399230957,0,0,0,0
0.09431338310241699,0,0,0,0
0.125657320022583,0,0,0,0
0.15694475173950195,0,0,0,0
0.18835902214050293,0,0,0,0
0.21970558166503906,0,0,0,0
0.2510378360748291,0,0,0,0
0.28214216232299805,0,0,0,0
0.3138582706451416,0,0,0,0
0.345289945602417,0,0,0,0
0.3765251636505127,0,0,0,0
0.4081459045410156,0,0,0,0
0.4394545555114746,0,0,0,0
0.47064638137817383,0,0,0,0
0.5025951862335205,0,0,0,0
0.5339498519897461,0,0,0,0
0.565129280090332,0,0,0,0
0.5965042114257812,0,0,0,0
0.6280112266540527,0,0,0,0
0.6593074798583984,0,0,0,0
0.6920652389526367,0,0,0,0
0.7227835655212402,0,0,0,0
0.7544996738433838,0,0,0,0
0.7857182025909424,0,0,0,0
0.8181068897247314,0,0,0,0
0.8494670391082764,0,0,0,0
0.8806352615356445,0,0,0,0
0.9125561714172363,0,0,0,0
0.9438097476959229,0,0,0,0
0.9750056266784668,0,0,0,0
1.0067951679229736,0,0,0,0
1.0382390022277832,0,0,0,0
1.0694830417633057,0,0,0,0
1.1012189388275146,0,0,0,0
1.1329278945922852,0,0,0,0
1.1642708778381348,0,0,0,0
1.195704698562622,0,0,0,0
1.2271089553833008,0,0,0,0
1.2582964897155762,0,0,0,0
1.2890546321868896,0,0,0,0
1.3204779624938965,0,0,0,0
1.3516528606414795,0,0,0,0
1.3828966617584229,0,0,0,0
1.4143691062927246,0,0,0,0
1.4455437660217285,0,0,0,0
1.4767944812774658,0,0,0,0
1.5087037086486816,0,0,0,0
1.5398659706115723,0,0,0,0
1.571187973022461,0,0,0,0
1.602996587753296,0,0,0,0
1.6344025135040283,0,0,0,0
1.6656172275543213,0,0,0,0
1.6974561214447021,0,0,0,0
1.728867530822754,0,0,0,0
1.7600040435791016,0,0,0,0
1.7918403148651123,0,0,0,0
1.823134422302246,0,0,0,0
1.8546817302703857,0,0,0,0
1.8860218524932861,0,0,0,0
1.9187157154083252,0,0,0,0
1.949474573135376,0,0,0,0
1.9808123111724854,0,0,0,0
2.012408494949341,0,0,0,0
2.0440216064453125,0,0,0,0
2.0754759311676025,0,0,0,0
2.1073479652404785,0,0,0,0
2.1386873722076416,0,0,0,0
2.170015811920166,0,0,0,0
2.2018229961395264,0,0,0,0
2.2331485748291016,0,0,0,0
2.2643704414367676,0,0,0,0
2.296295642852783,0,0,0,0
2.327644109725952,0,0,0,0
2.3589301109313965,0,0,0,0
2.390137195587158,0,0,0,0
2.4219577312469482,0,0,0,0
2.453212022781372,0,0,0,0
2.484523296356201,0,0,0,0
2.5162291526794434,0,0,0,0
2.547478437423706,0,0,0,0
2.5787739753723145,0,0,0,0
2.610870599746704,0,0,0,0
2.642101764678955,0,0,0,0
2.673435926437378,0,0,0,0
2.7053794860839844,0,0,0,0
2.7367076873779297,0,0,0,0
2.768439769744873,0,0,0,0
2.800499439239502,0,0,0,0
2.83181095123291,0,0,0,0
2.8630623817443848,0,0,0,0
2.8949778079986572,0,0,0,0
2.926340103149414,0,0,0,0
2.9576706886291504,0,0,0,0
2.989325761795044,0,0,0,0
3.0209579467773438,0,0,0,0
3.05251145362854,0,0,0,0
3.0838987827301025,0,0,0,0
3.115718364715576,0,0,0,0
3.1470348834991455,0,0,0,0
3.1782968044281006,0,0,0,0
3.210089683532715,0,0,0,0
3.2414753437042236,0,0,0,0
3.272904396057129,0,0,0,0
3.3045451641082764,0,0,0,0
3.3358840942382812,0,0,0,0
3.3678412437438965,0,0,0,0
3.3991458415985107,0,0,0,0
3.4305050373077393,0,0,0,0
3.461817502975464,0,0,0,0
3.4929754734039307,0,0,0,0
3.5251054763793945,0,0,0,0
3.557068347930908,0,0,0,0
3.588364601135254,0,0,0,0
3.620206832885742,0,0,0,0
3.6513822078704834,0,0,0,0
3.682623863220215,0,0,0,0
3.7143943309783936,0,0,0,0
3.746058702468872,0,0,0,0
3.7779788970947266,0,0,0,0
3.8093907833099365,0,0,0,0
3.840683698654175,0,0,0,0
3.8723561763763428,0,0,0,0
3.9040932655334473,0,0,0,0
3.9354372024536133,0,1,0,0
3.9666833877563477,0,1,0,0
3.99802827835083,0,1,0,51
4.029512405395508,0,0,0,51
4.061332702636719,0,0,0,51
4.092716217041016,0,0,0,51
4.124966144561768,0,0,0,51
4.156327962875366,0,0,0,51
4.187558650970459,0,0,0,51
4.219758987426758,0,0,0,51
4.251142740249634,0,0,0,51
4.282294273376465,0,0,0,51
4.314100503921509,0,0,0,51
4.345533847808838,0,0,0,51
4.376924753189087,0,0,0,51
4.408746719360352,0,0,0,51
4.440029621124268,0,0,0,51
4.471291542053223,0,0,0,51
4.503178119659424,0,0,0,51
4.53444504737854,0,0,0,51
4.565716743469238,0,0,0,51
4.597593307495117,0,0,0,51
4.628868579864502,0,0,0,51
4.660160541534424,0,0,0,51
4.69139289855957,1,0,0,51
4.722983121871948,1,0,0,51
4.7543487548828125,1,0,0,102
4.785527229309082,0,0,0,102
4.817296743392944,0,0,0,102
4.8485753536224365,0,0,0,102
4.879883527755737,0,0,0,102
4.911583185195923,0,0,0,102
4.942923545837402,0,0,0,102
4.9742655754089355,0,0,0,102
5.005973815917969,0,0,0,102
5.037236928939819,0,0,0,102
5.068509578704834,0,0,0,102
5.099320411682129,0,0,0,102
5.130616903305054,0,0,0,102
5.161904335021973,0,0,0,102
5.193197011947632,0,0,0,102
5.225120782852173,0,0,0,102
5.256435871124268,0,0,0,102
5.287690162658691,0,0,0,102
5.319198131561279,0,0,0,102
5.350409984588623,0,0,0,102
5.3816492557525635,0,0,0,102
5.413524866104126,0,0,0,102
5.444927930831909,0,0,0,102
5.476156949996948,0,0,1,102
5.507763385772705,0,0,1,102
5.539041996002197,0,0,1,102
5.570344686508179,0,0,1,153
5.602227449417114,0,0,0,153
5.633604049682617,0,0,0,153
5.664764165878296,0,0,0,153
5.6961281299591064,0,0,0,153
5.727977275848389,0,0,0,153
5.75928807258606,0,0,0,153
5.790523290634155,0,0,0,153
5.822500228881836,0,0,0,153
5.853711128234863,0,0,0,153
5.885016918182373,0,0,0,153
5.916861057281494,0,0,0,153
5.948218584060669,0,0,0,153
5.979451894760132,0,0,0,153
6.011191368103027,0,0,0,153
6.042460680007935,0,0,0,153
6.073901414871216,0,0,0,153
6.1057868003845215,0,0,0,153
6.137243747711182,0,0,0,153
6.168445587158203,0,0,0,153
6.199609756469727,0,0,0,153
6.231433391571045,0,0,0,153
6.262712001800537,0,0,0,153
6.2939019203186035,0,0,0,153
6.3253068923950195,0,0,0,153
6.356577157974243,0,0,0,153
6.387922048568726,0,0,0,153
6.419180631637573,0,0,0,153
6.45046067237854,0,0,0,153
6.481666564941406,0,0,0,153
6.5133936405181885,0,0,0,153
6.544655084609985,0,0,0,153
6.575926303863525,0,0,0,153
6.6073877811431885,0,0,0,153
6.638800382614136,0,0,0,153
6.670099973678589,0,0,0,153
6.701242208480835,0,0,0,153
6.732789993286133,0,0,0,153
6.763912200927734,0,0,0,153
6.7953314781188965,0,0,0,153
6.827178478240967,0,0,0,153
6.858401298522949,0,0,0,153
6.889714241027832,0,0,0,153
6.921592950820923,0,0,0,153
6.952894926071167,0,0,0,153
6.98461389541626,0,0,0,153
7.016352415084839,0,0,0,153
7.04762077331543,0,0,0,153
7.078984260559082,0,0,0,153
7.110436201095581,0,0,0,153
7.141855955123901,0,0,0,153
7.173003911972046,0,0,0,153
7.204281806945801,0,0,0,153
7.236131191253662,0,0,0,153
7.267401695251465,0,0,0,153
7.298551559448242,0,0,0,153
7.3303351402282715,0,0,0,153
7.361659049987793,0,0,0,153
7.392900705337524,0,0,0,153
7.4248948097229,0,0,0,153
7.456445693969727,0,0,0,153
7.487730026245117,0,0,0,153
7.51948094367981,0,0,0,153
7.550774097442627,0,0,0,153
7.582078456878662,0,0,0,153
7.613788604736328,0,0,0,153
7.64513635635376,0,0,0,153
7.6763763427734375,0,0,0,153
7.708177328109741,0,0,0,153
7.7396039962768555,0,0,0,153
7.770768642425537,0,0,0,153
7.802000284194946,0,0,0,153
7.833884239196777,0,0,0,153
7.865124225616455,0,0,0,153
7.89644718170166,0,0,0,153
7.9283928871154785,0,0,0,153
7.959624290466309,0,1,0,153
7.990875959396362,0,1,0,204
8.022604942321777,0,0,0,204
8.053893804550171,0,0,0,204
8.085149765014648,0,0,0,204
8.116848468780518,0,0,0,204
8.148236989974976,0,0,0,204
8.179476022720337,0,0,0,204
8.210860252380371,0,0,0,204
8.24228811264038,0,0,0,204
8.273448944091797,0,0,0,204
8.304749727249146,0,0,0,204
8.336761474609375,0,0,0,204
8.36790943145752,0,0,0,204
8.399159669876099,0,0,0,204
8.430639505386353,0,0,0,204
8.461797714233398,0,0,0,204
8.49306869506836,0,0,0,204
8.524789333343506,0,0,0,204
8.556078433990479,0,0,0,204
8.587327480316162,0,0,0,204
8.61876392364502,0,0,0,204
8.650568008422852,0,0,0,204
8.68177843093872,0,0,0,204
8.713600158691406,0,0,0,204
8.745035171508789,0,0,0,204
8.776196479797363,0,0,0,204
8.807451248168945,0,0,0,204
8.838869571685791,0,0,0,204
8.87006664276123,0,0,0,204
8.901399374008179,0,0,0,204
8.93287467956543,0,0,0,204
8.964093923568726,0,0,0,204
8.995352506637573,0,0,0,204
9.0272798538208,0,0,0,204
9.058575868606567,0,0,0,204
9.089829206466675,0,0,0,204
9.12161922454834,0,0,0,204
9.153033018112183,0,0,0,204
9.18421459197998,0,0,0,204
9.216063737869263,0,0,0,204
9.2473726272583,0,0,0,204
9.27872896194458,0,0,0,204
9.310588598251343,0,0,0,204
9.342512369155884,0,0,0,204
9.373716592788696,0,0,0,204
9.404945135116577,0,0,0,204
9.436593294143677,0,0,0,204
9.467792510986328,0,0,0,204
9.499029636383057,1,0,0,204
9.53074598312378,1,0,0,204
9.563282251358032,1,0,0,255
9.593489170074463,0,0,0,255
9.625346899032593,0,0,0,255
9.656686305999756,0,0,0,255
9.687955141067505,0,0,0,255
9.719724178314209,0,0,0,255
9.751156091690063,0,0,0,255
9.782286882400513,0,0,0,255
9.814162254333496,0,0,0,255
9.845501184463501,0,0,0,255
9.876683235168457,0,0,0,255
9.908033609390259,0,0,0,255
9.939961910247803,0,0,0,255
9.971103191375732,0,0,0,255
10.002366304397583,0,0,0,255
10.034096479415894,0,0,0,255
10.065344095230103,0,0,0,255
10.096637725830078,0,0,0,255
10.12848949432373,0,0,0,255
10.160133838653564,0,0,0,255
10.191554307937622,0,0,0,255
10.223509073257446,0,0,0,255
10.254896879196167,0,0,0,255
10.286628246307373,0,0,0,255
10.318332195281982,0,0,0,255
10.349682092666626,0,0,0,255
10.38085389137268,0,0,0,255
10.41247296333313,0,0,0,255
10.444263935089111,0,0,0,255
10.475606918334961,0,0,0,255
10.50676679611206,0,0,0,255
10.538432836532593,0,0,0,255
10.569713592529297,0,0,0,255
10.601070165634155,0,0,0,255
10.63309907913208,0,0,0,255
10.66446304321289,0,0,0,255
10.695700883865356,0,0,0,255
10.727355480194092,0,0,0,255
10.75864028930664,0,0,0,255
10.789973020553589,0,0,0,255
10.821721315383911,0,0,0,255
10.853053569793701,0,0,0,255
10.884242296218872,0,0,0,255
10.9155113697052,0,0,0,255
10.947313785552979,0,0,0,255
10.978616952896118,0,0,0,255
11.009891271591187,0,0,0,255
11.041569709777832,0,0,0,255
11.072846412658691,0,0,1,255
11.104087114334106,0,0,1,255
11.13608694076538,0,0,1,255
11.167319774627686,0,0,1,306
11.198506355285645,0,0,0,306
11.230305910110474,0,0,0,306
11.261693716049194,0,0,0,306
11.29289436340332,0,0,0,306
11.324676752090454,0,0,0,306
11.356019258499146,0,0,0,306
11.3872971534729,0,0,0,306
11.419076442718506,0,0,0,306
11.450430870056152,0,0,0,306
11.481623649597168,0,0,0,306
11.51445198059082,0,0,0,306
11.544336795806885,0,0,0,306
11.57557988166809,0,0,0,306
11.606842994689941,0,0,0,306
11.6385977268219,0,0,0,306
11.669888496398926,0,0,0,306
11.701244354248047,0,0,0,306
11.732919931411743,0,0,0,306
11.764695167541504,0,0,0,306
11.795977354049683,0,0,0,306
11.827385187149048,0,0,0,306
11.858742713928223,0,0,0,306
11.889980554580688,0,0,0,306
11.92178225517273,0,0,0,306
11.953195095062256,0,1,0,306
11.984366416931152,0,1,0,306
12.015563249588013,0,1,0,357
12.047234535217285,0,0,0,357
12.07850432395935,0,0,0,357
12.109887838363647,0,0,0,357
12.14138650894165,0,0,0,357
12.172566890716553,0,0,0,357
12.203809022903442,0,0,0,357
12.235724925994873,0,0,0,357
12.266891479492188,0,0,0,357
12.298105716705322,0,0,0,357
12.329489946365356,0,0,0,357
12.360853910446167,0,0,0,357
12.392109394073486,0,0,0,357
12.424018144607544,0,0,0,357
12.455366611480713,0,0,0,357
12.486610651016235,0,0,0,357
12.517855882644653,0,0,0,357
12.549579858779907,0,0,0,357
12.58083438873291,0,0,0,357
12.612279891967773,0,0,0,357
12.644230604171753,0,0,0,357
12.675554037094116,0,0,0,357
12.70677900314331,0,0,0,357
12.738298177719116,0,0,0,357
12.769590139389038,0,0,0,357
12.800750970840454,0,0,0,357
12.832157611846924,0,0,0,357
12.863541841506958,0,0,0,357
12.894790172576904,0,0,0,357
12.926660060882568,0,0,0,357
12.958025932312012,0,0,0,357
12.989235639572144,0,0,0,357
13.02055835723877,0,0,0,357
13.051822185516357,0,0,0,357
13.08314299583435,0,0,0,357
13.114375114440918,0,0,0,357
13.146327257156372,0,0,0,357
13.177488327026367,0,0,0,357
13.208789110183716,0,0,0,357
13.240762948989868,0,0,0,357
13.272075176239014,0,0,0,357
13.303219079971313,0,0,0,357
13.335079193115234,0,0,0,357
13.366365671157837,0,0,0,357
13.397618532180786,0,0,0,357
13.429548501968384,0,0,0,357
13.460917234420776,0,0,0,357
13.492089033126831,0,0,0,357
13.523946046829224,0,0,0,357
13.555222272872925,0,0,0,357
13.58648943901062,0,0,0,357
13.617772102355957,0,0,0,357
13.649259090423584,0,0,0,357
13.680463314056396,0,0,0,357
13.711835861206055,0,0,0,357
13.743730068206787,0,0,0,357
13.774956464767456,0,0,0,357
13.806282997131348,0,0,0,357
13.83759331703186,0,0,0,357
13.868980884552002,0,0,0,357
13.900175333023071,0,0,0,357
13.931813955307007,0,0,0,357
13.963106393814087,0,0,0,357
13.994528770446777,0,0,0,357
14.025858163833618,0,0,0,357
14.05712628364563,0,0,0,357
14.088404655456543,0,0,0,357
14.11970567703247,0,0,0,357
14.151621103286743,0,0,0,357
14.182793855667114,0,0,0,357
14.214100122451782,0,0,0,357
14.246065855026245,0,0,0,357
14.277427911758423,0,0,0,357
14.308679819107056,1,0,0,357
14.340654850006104,1,0,0,357
14.371947765350342,1,0,0,408
14.403160572052002,0,0,0,408
14.434892416000366,0,0,0,408
14.46618390083313,0,0,0,408
14.49753212928772,0,0,0,408
14.529369592666626,0,0,0,408
14.560651779174805,0,0,0,408
14.591888666152954,0,0,0,408
14.623046636581421,0,0,0,408
14.654460668563843,0,0,0,408
14.685654401779175,0,0,0,408
14.716891765594482,0,0,0,408
14.748786449432373,0,0,0,408
14.780055522918701,0,0,0,408
14.811387777328491,0,0,0,408
14.842947483062744,0,0,0,408
14.874277830123901,0,0,0,408
14.9054434299469,0,0,0,408
14.936864137649536,0,0,0,408
14.968223810195923,0,0,0,408
14.999465227127075,0,0,0,408
15.03079104423523,0,0,0,408
15.062066316604614,0,0,0,408
15.093336582183838,0,0,0,408
15.124515533447266,0,0,0,408
15.155839443206787,0,0,0,408
15.187111139297485,0,0,0,408
15.218337297439575,0,0,0,408
15.2503182888031,0,0,0,408
15.281528949737549,0,0,0,408
15.312813997268677,0,0,0,408
15.344701290130615,0,0,0,408
15.376009464263916,0,0,0,408
15.407299995422363,0,0,0,408
15.439228534698486,0,0,0,408
15.470586061477661,0,0,0,408
15.501973152160645,0,0,0,408
15.533395290374756,0,0,0,408
15.564661502838135,0,0,0,408
15.59593653678894,0,0,0,408
15.62795877456665,0,0,0,408
15.659291744232178,0,0,0,408
15.69050121307373,0,0,0,408
15.721797227859497,0,0,0,408
15.753738641738892,0,0,0,408
15.785048723220825,0,0,0,408
15.816254615783691,0,0,0,408
15.84819507598877,0,0,0,408
15.87940001487732,0,0,0,408
15.910607814788818,0,0,0,408
15.942121028900146,0,0,0,408
15.97343897819519,0,1,0,408
16.004528045654297,0,1,0,459
16.036192178726196,0,0,0,459
16.06746482849121,0,0,0,459
16.098742723464966,0,0,0,459
16.130415439605713,0,0,0,459
16.161775588989258,0,0,0,459
16.193023204803467,0,0,0,459
16.22432827949524,0,0,0,459
16.256147861480713,0,0,0,459
16.28751230239868,0,0,0,459
16.319300174713135,0,0,0,459
16.350857734680176,0,0,0,459
16.382118225097656,0,0,0,459
16.413400888442993,0,0,0,459
16.445284366607666,0,0,0,459
16.476680278778076,0,0,0,459
16.507932901382446,0,0,0,459
16.539695978164673,0,0,0,459
16.570967197418213,0,0,0,459
16.602240085601807,0,0,0,459
16.63392686843872,0,0,0,459
16.665247440338135,0,0,0,459
16.696499824523926,0,0,1,459
16.72773051261902,0,0,1,459
16.759076356887817,0,0,1,459
16.790252208709717,0,0,1,510
16.821622848510742,0,0,0,510
16.85351800918579,0,0,0,510
16.88477063179016,0,0,0,510
16.916034936904907,0,0,0,510
16.948009490966797,0,0,0,510
16.97969698905945,0,0,0,510
17.01103925704956,0,0,0,510
17.042798042297363,0,0,0,510
17.07407307624817,0,0,0,510
17.10531187057495,0,0,0,510
17.13703465461731,0,0,0,510
17.168351411819458,0,0,0,510
17.199565887451172,0,0,0,510
17.231340646743774,0,0,0,510
17.262728691101074,0,0,0,510
17.29401397705078,0,0,0,510
17.32518744468689,0,0,0,510
17.35718536376953,0,0,0,510
17.38840126991272,0,0,0,510
17.41973376274109,0,0,0,510
17.451239109039307,0,0,0,510
17.482481002807617,0,0,0,510
17.513731956481934,0,0,0,510
17.54496479034424,0,0,0,510
17.576210975646973,0,0,0,510
17.607487440109253,0,0,0,510
17.638839960098267,0,0,0,510
17.67016339302063,0,0,0,510
17.70141625404358,0,0,0,510
17.73281979560852,0,0,0,510
17.764251708984375,0,0,0,510
17.795382976531982,0,0,0,510
17.826605796813965,0,0,0,510
17.85851216316223,0,0,0,510
17.889796495437622,0,0,0,510
17.921080589294434,0,0,0,510
17.95258617401123,0,0,0,510
17.983860969543457,0,0,0,510
18.015099048614502,0,0,0,510
18.0469012260437,0,0,0,510
18.0780770778656,0,0,0,510
18.1093533039093,0,0,0,510
18.141197443008423,0,0,0,510
18.172589540481567,0,0,0,510
18.203786373138428,0,0,0,510
18.235597133636475,0,0,0,510
18.26692223548889,0,0,0,510
18.29824948310852,0,0,0,510
18.329450130462646,0,0,0,510
18.361085414886475,0,0,0,510
18.39248538017273,0,0,0,510
18.4237539768219,0,0,0,510
18.455427408218384,0,0,0,510
18.486597299575806,0,0,0,510
18.5179705619812,0,0,0,510
18.55002236366272,0,0,0,510
18.581071138381958,0,0,0,510
18.612343311309814,0,0,0,510
18.643665313720703,0,0,0,510
18.675012350082397,0,0,0,510
18.70625901222229,0,0,0,510
18.737706661224365,0,0,0,510
18.769041061401367,0,0,0,510
18.80035138130188,0,0,0,510
18.83160090446472,0,0,0,510
18.863424062728882,0,0,0,510
18.894660234451294,0,0,0,510
18.92595624923706,0,0,0,510
18.95777678489685,0,0,0,510
18.989087343215942,0,0,0,510
19.020323514938354,0,0,0,510
19.0520076751709,0,0,0,510
19.083076000213623,0,0,0,510
19.114344120025635,1,0,0,510
19.146191596984863,1,0,0,510
19.177602291107178,1,0,0,561
19.208866834640503,0,0,0,561
19.24057912826538,0,0,0,561
19.271969079971313,0,0,0,561
19.303344249725342,0,0,0,561
19.3350191116333,0,0,0,561
19.366360425949097,0,0,0,561
19.397664546966553,0,0,0,561
19.42892575263977,0,0,0,561
19.460944414138794,0,0,0,561
19.492192268371582,0,0,0,561
19.52354097366333,0,0,0,561
19.555543422698975,0,0,0,561
19.586669206619263,0,0,0,561
19.61794686317444,0,0,0,561
19.649648666381836,0,0,0,561
19.682557106018066,0,0,0,561
19.71251893043518,0,0,0,561
19.744431018829346,0,0,0,561
19.775818824768066,0,0,0,561
19.807105779647827,0,0,0,561
19.838465452194214,0,0,0,561
19.869805335998535,0,0,0,561
19.901042699813843,0,0,0,561
19.932323694229126,0,0,0,561
19.96396517753601,0,0,0,561
19.99518370628357,0,1,0,561
20.026376008987427,0,1,0,612
20.057743310928345,0,0,0,612
20.089017868041992,0,0,0,612
20.120255947113037,0,0,0,612
20.151938438415527,0,0,0,612
20.183313131332397,0,0,0,612
20.214510679244995,0,0,0,612
20.24646520614624,0,0,0,612
20.277812719345093,0,0,0,612
20.309006690979004,0,0,0,612
20.34087038040161,0,0,0,612
20.37220811843872,0,0,0,612
20.403472185134888,0,0,0,612
20.434854984283447,0,0,0,612
20.466792583465576,0,0,0,612
20.498065948486328,0,0,0,612
20.529376983642578,0,0,0,612
20.560863494873047,0,0,0,612
20.59210991859436,0,0,0,612
20.623384475708008,0,0,0,612
20.65507173538208,0,0,0,612
20.686439037322998,0,0,0,612
20.717682361602783,0,0,0,612
20.749525785446167,0,0,0,612
20.78087615966797,0,0,0,612
20.81220841407776,0,0,0,612
20.843942880630493,0,0,0,612
20.87529230117798,0,0,0,612
20.90661358833313,0,0,0,612
20.93830442428589,0,0,0,612
20.96960759162903,0,0,0,612
21.000783681869507,0,0,0,612
21.032086610794067,0,0,0,612
21.063884496688843,0,0,0,612
21.0951566696167,0,0,0,612
21.126441955566406,0,0,0,612
21.15842866897583,0,0,0,612
21.18961238861084,0,0,0,612
21.22096085548401,0,0,0,612
21.25266695022583,0,0,0,612
21.28402066230774,0,0,0,612
21.31519603729248,0,0,0,612
21.347025394439697,0,0,0,612
21.37834143638611,0,0,0,612
21.409591674804688,0,0,0,612
21.44091510772705,0,0,0,612
21.472333669662476,0,0,0,612
21.50350069999695,0,0,0,612
21.534806728363037,0,0,0,612
21.566483974456787,0,0,0,612
21.597761869430542,0,0,0,612
21.629080057144165,0,0,0,612
21.660616397857666,0,0,0,612
21.69178605079651,0,0,0,612
21.7231285572052,0,0,0,612
21.75493884086609,0,0,0,612
21.786377429962158,0,0,0,612
21.817475080490112,0,0,0,612
21.84929919242859,0,0,0,612
21.88064479827881,0,0,0,612
21.911898851394653,0,0,0,612
21.943275928497314,0,0,0,612
21.974622011184692,0,0,0,612
22.00591278076172,0,0,0,612
22.03725504875183,0,0,0,612
22.068929195404053,0,0,0,612
22.100205421447754,0,0,0,612
22.13153910636902,0,0,0,612
22.163012981414795,0,0,0,612
22.19427728652954,0,0,0,612
22.225563049316406,0,0,0,612
22.257290363311768,0,0,0,612
22.288636445999146,0,0,0,612
22.319880962371826,0,0,1,612
22.35191035270691,0,0,1,612
22.383299827575684,0,0,1,663
22.414506435394287,0,0,0,663
22.44635796546936,0,0,0,663
22.4777991771698,0,0,0,663
22.509031534194946,0,0,0,663
22.540252685546875,0,0,0,663
22.572009086608887,0,0,0,663
22.603249311447144,0,0,0,663
22.634521961212158,0,0,0,663
22.666254997253418,0,0,0,663
22.69764542579651,0,0,0,663
22.72880506515503,0,0,0,663
22.760712146759033,0,0,0,663
22.79201579093933,0,0,0,663
22.823177337646484,0,0,0,663
22.855015516281128,0,0,0,663
22.88635802268982,0,0,0,663
22.917624950408936,0,0,0,663
22.949376106262207,0,0,0,663
22.980790853500366,0,0,0,663
23.011993885040283,0,0,0,663
23.043713569641113,0,0,0,663
23.07504391670227,0,0,0,663
23.106229066848755,0,0,0,663
23.137512922286987,0,0,0,663
23.169363021850586,0,0,0,663
23.200686931610107,0,0,0,663
23.23185682296753,0,0,0,663
23.263386249542236,0,0,0,663
23.294694423675537,0,0,0,663
23.326008558273315,0,0,0,663
23.357542276382446,0,0,0,663
23.388887882232666,0,0,0,663
23.42006778717041,0,0,0,663
23.452004432678223,0,0,0,663
23.482828855514526,0,0,0,663
23.514344692230225,0,0,0,663
23.545832872390747,0,0,0,663
23.57712197303772,0,0,0,663
23.60846757888794,0,0,0,663
23.63961672782898,0,0,0,663
23.671506881713867,0,0,0,663
23.702760696411133,0,0,0,663
23.733973026275635,0,0,0,663
23.765957832336426,0,0,0,663
23.797669649124146,0,0,0,663
23.829011917114258,0,0,0,663
23.86100745201111,0,0,0,663
23.892330408096313,0,0,0,663
23.923608541488647,1,0,0,663
23.95500659942627,1,0,0,663
23.986366748809814,1,0,0,714
24.017550230026245,0,1,0,714
24.049360752105713,0,1,0,765
24.080627918243408,0,0,0,765
24.1119065284729,0,0,0,765
24.143158197402954,0,0,0,765
24.17509651184082,0,0,0,765
24.206296682357788,0,0,0,765
24.237548828125,0,0,0,765
24.269076585769653,0,0,0,765
24.300638675689697,0,0,0,765
24.331997632980347,0,0,0,765
24.363447666168213,0,0,0,765
24.394636869430542,0,0,0,765
24.425918579101562,0,0,0,765
24.457705974578857,0,0,0,765
24.48906660079956,0,0,0,765
24.52025008201599,0,0,0,765
24.552001237869263,0,0,0,765
24.5832622051239,0,0,0,765
24.614534378051758,0,0,0,765
24.645782232284546,0,0,0,765
24.6773624420166,0,0,0,765
24.708566188812256,0,0,0,765
24.73980951309204,0,0,0,765
24.771341800689697,0,0,0,765
24.802639722824097,0,0,0,765
24.833903312683105,0,0,0,765
24.866069078445435,0,0,0,765
24.897468090057373,0,0,0,765
24.92870831489563,0,0,0,765
24.9601047039032,0,0,0,765
24.991467475891113,0,0,0,765
25.022653102874756,0,0,0,765
25.05431628227234,0,0,0,765
25.085606575012207,0,0,0,765
25.116857051849365,0,0,0,765
25.148098945617676,0,0,0,765
25.17989158630371,0,0,0,765
25.211103439331055,0,0,0,765
25.242303371429443,0,0,0,765
25.273824214935303,0,0,0,765
25.30512809753418,0,0,0,765
25.33638572692871,0,0,0,765
25.36791968345642,0,0,0,765
25.399291038513184,0,0,0,765
25.430423259735107,0,0,0,765
25.46215057373047,0,0,0,765
25.49343228340149,0,0,0,765
25.52475595474243,0,0,0,765
25.556577444076538,0,0,0,765
25.587838411331177,0,0,0,765
25.619118213653564,0,0,0,765
25.651021242141724,0,0,0,765
25.68240475654602,0,0,0,765
25.713629007339478,0,0,0,765
25.744895458221436,0,0,0,765
25.776533842086792,0,0,0,765
25.80777907371521,0,0,0,765
25.839031219482422,0,0,0,765
25.870685577392578,0,0,0,765
25.90180277824402,0,0,0,765
25.933058738708496,0,0,0,765
25.964861631393433,0,0,0,765
25.996299982070923,0,0,0,765
26.027533054351807,0,0,0,765
26.058842182159424,0,0,0,765
26.090107917785645,0,0,0,765
26.121382236480713,0,0,0,765
26.152751684188843,0,0,0,765
26.18412709236145,0,0,0,765
26.21534252166748,0,0,0,765
26.246567964553833,0,0,0,765
26.278602600097656,0,0,0,765
26.309736251831055,0,0,0,765
26.341005325317383,0,0,0,765
26.372852563858032,0,0,0,765
26.404103994369507,0,0,0,765
26.435370445251465,0,0,0,765
26.46727466583252,0,0,0,765
26.500277757644653,0,0,0,765
26.530004739761353,0,0,0,765
26.56163501739502,0,0,0,765
26.592920064926147,0,0,0,765
26.6242892742157,0,0,0,765
26.65567374229431,0,0,0,765
26.68697190284729,0,0,0,765
26.71826696395874,0,0,0,765
26.749518394470215,0,0,0,765
26.78140664100647,0,0,0,765
26.812581777572632,0,0,0,765
26.84398317337036,0,0,0,765
26.87600803375244,0,0,0,765
26.90713930130005,0,0,0,765
26.938495874404907,0,0,0,765
26.96942663192749,0,0,0,765
27.000629425048828,0,0,0,765
27.0318660736084,0,0,0,765
27.063586711883545,0,0,0,765
27.09487771987915,0,0,0,765
27.12614107131958,0,0,0,765
27.158151626586914,0,0,0,765
27.189512014389038,0,0,0,765
27.22074007987976,0,0,0,765
27.251969814300537,0,0,0,765
27.283719062805176,0,0,0,765
27.31507635116577,0,0,0,765
27.346283674240112,0,0,0,765
27.377965927124023,0,0,0,765
27.409152030944824,0,0,0,765
27.44038438796997,0,0,0,765
27.47187566757202,0,0,0,765
27.503061532974243,0,0,0,765
27.534332990646362,0,0,0,765
27.56600856781006,0,0,0,765
27.597295999526978,0,0,0,765
27.628705263137817,0,0,0,765
27.660475969314575,0,0,0,765
27.691888570785522,0,0,0,765
27.72306990623474,0,0,0,765
27.754846572875977,0,0,0,765
27.786257028579712,0,0,0,765
27.817339658737183,0,0,0,765
27.84862995147705,0,0,0,765
27.880818843841553,0,0,0,765
27.91216540336609,0,0,1,765
27.943492889404297,0,0,1,765
27.975059986114502,0,0,1,765
28.006210327148438,0,0,1,816
28.037481546401978,0,1,0,867
28.069128036499023,0,0,0,867
28.10038709640503,0,0,0,867
28.131739616394043,0,0,0,867
28.16316795349121,0,0,0,867
28.194581747055054,0,0,0,867
28.22576880455017,0,0,0,867
28.25759506225586,0,0,0,867
28.28893232345581,0,0,0,867
28.32017946243286,0,0,0,867
28.351415395736694,0,0,0,867
28.383256673812866,0,0,0,867
28.414501905441284,0,0,0,867
28.445719957351685,0,0,0,867
28.47768545150757,0,0,0,867
28.508860111236572,0,0,0,867
28.540167570114136,0,0,0,867
28.57181429862976,0,0,0,867
28.603076457977295,0,0,0,867
28.634416341781616,0,0,0,867
28.666184663772583,0,0,0,867
28.697540283203125,0,0,0,867
28.72882890701294,1,0,0,867
28.760257244110107,1,0,0,867
28.791610956192017,1,0,0,918
28.822867155075073,0,0,0,918
28.854095697402954,0,0,0,918
28.886110305786133,0,0,0,918
28.917238235473633,0,0,0,918
28.94859743118286,0,0,0,918
28.980552911758423,0,0,0,918
29.011770248413086,0,0,0,918
29.043048620224,0,0,0,918
29.074724674224854,0,0,0,918
29.106002807617188,0,0,0,918
29.13726782798767,0,0,0,918
29.168788194656372,0,0,0,918
29.200230598449707,0,0,0,918
29.232959747314453,0,0,0,918
29.26361632347107,0,0,0,918
29.294936656951904,0,0,0,918
29.326220750808716,0,0,0,918
29.357627391815186,0,0,0,918
29.389068603515625,0,0,0,918
29.420249938964844,0,0,0,918
29.45149040222168,0,0,0,918
29.4834988117218,0,0,0,918
29.514774560928345,0,0,0,918
29.54596757888794,0,0,0,918
29.577637195587158,0,0,0,918
29.608906984329224,0,0,0,918
29.640226364135742,0,0,0,918
29.67170548439026,0,0,0,918
29.70299506187439,0,0,0,918
29.734405755996704,0,0,0,918
29.766112565994263,0,0,0,918
29.797486543655396,0,0,0,918
29.82873272895813,0,0,0,918
29.859481811523438,0,0,0,918
29.89138889312744,0,0,0,918
29.92265248298645,0,0,0,918
29.953985691070557,0,0,0,918
29.98550009727478,0,0,0,918
30.016656398773193,0,0,0,918
30.047929286956787,0,0,0,918
30.07960343360901,0,0,0,918
30.110875606536865,0,0,0,918
30.142209768295288,0,0,0,918
30.173979997634888,0,0,0,918
30.20541548728943,0,0,0,918
30.23658561706543,0,0,0,918
30.26841402053833,0,0,0,918
30.299724102020264,0,0,0,918
30.331093311309814,0,0,0,918
30.362416744232178,0,0,0,918
30.393773555755615,0,0,0,918
30.42508029937744,0,0,0,918
30.456252336502075,0,0,0,918
30.488211154937744,0,0,0,918
30.519376277923584,0,0,0,918
30.55069923400879,0,0,0,918
30.582382678985596,0,0,0,918
30.61370849609375,0,0,0,918
30.645150899887085,0,0,0,918
30.676873922348022,0,0,0,918
30.70823383331299,0,0,0,918
30.7394700050354,0,0,0,918
30.771284341812134,0,0,0,918
30.802633047103882,0,0,0,918
30.833958387374878,0,0,0,918
30.865248203277588,0,0,0,918
30.89659309387207,0,0,0,918
30.92781090736389,0,0,0,918
30.959226846694946,0,0,0,918
30.991194248199463,0,0,0,918
31.022407293319702,0,0,0,918
31.053653240203857,0,0,0,918
31.085333347320557,0,0,0,918
31.116609811782837,0,0,0,918
31.14798069000244,0,0,0,918
31.17992329597473,0,0,0,918
31.21123170852661,0,0,0,918
31.242445945739746,0,0,0,918
31.274418115615845,0,0,0,918
31.30576252937317,0,0,0,918
31.337021827697754,0,0,0,918
31.368465900421143,0,0,0,918
31.39981698989868,0,0,0,918
31.431123971939087,0,0,0,918
31.462934255599976,0,0,0,918
31.494304418563843,0,0,0,918
31.525506496429443,0,0,0,918
31.55680537223816,0,0,0,918
31.588509798049927,0,0,0,918
31.61979079246521,0,0,0,918
31.6510488986969,0,0,0,918
31.68277597427368,0,0,0,918
31.71407961845398,0,0,0,918
31.745441436767578,0,0,0,918
31.777177810668945,0,0,0,918
31.808480262756348,0,0,0,918
31.839774131774902,0,0,0,918
31.87171697616577,0,0,0,918
31.903066635131836,0,0,0,918
31.93438220024109,0,0,0,918
31.965874671936035,0,0,0,918
31.997308492660522,0,1,0,918
32.02843880653381,0,1,0,918
32.05966567993164,0,1,0,969
32.091349601745605,0,0,0,969
32.12259769439697,0,0,0,969
32.153934478759766,0,0,0,969
32.18577718734741,0,0,0,969
32.21713590621948,0,0,0,969
32.24825596809387,0,0,0,969
32.2800989151001,0,0,0,969
32.31145453453064,0,0,0,969
32.34271955490112,0,0,0,969
32.37421798706055,0,0,0,969
32.40556311607361,0,0,0,969
32.43687200546265,0,0,0,969
32.468146324157715,0,0,0,969
32.49957275390625,0,0,0,969
32.530715227127075,0,0,0,969
32.56195282936096,0,0,0,969
32.59363150596619,0,0,0,969
32.62491059303284,0,0,0,969
32.656179904937744,0,0,0,969
32.688077211380005,0,0,0,969
32.71937918663025,0,0,0,969
32.7507164478302,0,0,0,969
32.78270602226257,0,0,0,969
32.81389331817627,0,0,0,969
32.84527015686035,0,0,0,969
32.87665033340454,0,0,0,969
32.908032178878784,0,0,0,969
32.93931722640991,0,0,0,969
32.971267223358154,0,0,0,969
33.0026113986969,0,0,0,969
33.03386735916138,0,0,0,969
33.06501221656799,0,0,0,969
33.09630560874939,0,0,0,969
33.12755250930786,0,0,0,969
33.15882682800293,0,0,0,969
33.19030785560608,0,0,0,969
33.221524238586426,0,0,0,969
33.25277662277222,0,0,0,969
33.28477621078491,0,0,0,969
33.316049098968506,0,0,0,969
33.34787201881409,0,0,0,969
33.379202365875244,0,0,0,969
33.41052961349487,0,0,0,969
33.441813945770264,0,0,0,969
33.47319579124451,0,0,0,969
33.50453972816467,0,0,1,969
33.53579068183899,0,0,1,969
33.56686615943909,0,0,1,969
33.598156452178955,0,0,1,1020
33.62949204444885,1,0,0,1020
33.66070795059204,1,0,0,1020
33.692654609680176,1,0,0,1072
33.7238655090332,0,0,0,1072
33.75509476661682,0,0,0,1072
33.78674578666687,0,0,0,1072
33.8179144859314,0,0,0,1072
33.84920644760132,0,0,0,1072
33.88098168373108,0,0,0,1072
33.91225576400757,0,0,0,1072
33.943652629852295,0,0,0,1072
33.97544860839844,0,0,0,1072
34.006882190704346,0,0,0,1072
34.03814911842346,0,0,0,1072
34.06966853141785,0,0,0,1072
34.10098075866699,0,0,0,1072
34.13221573829651,0,0,0,1072
34.16358041763306,0,0,0,1072
34.19546699523926,0,0,0,1072
34.226747035980225,0,0,0,1072
34.25818085670471,0,0,0,1072
34.28973078727722,0,0,0,1072
34.320969343185425,0,0,0,1072
34.35212206840515,0,0,0,1072
34.384015798568726,0,0,0,1072
34.41540002822876,0,0,0,1072
34.44659376144409,0,0,0,1072
34.47840142250061,0,0,0,1072
34.50979924201965,0,0,0,1072
34.541080951690674,0,0,0,1072
34.57264757156372,0,0,0,1072
34.6040415763855,0,0,0,1072
34.63522219657898,0,0,0,1072
34.666515827178955,0,0,0,1072
34.69869422912598,0,0,0,1072
34.73008942604065,0,0,0,1072
34.7612988948822,0,0,0,1072
34.79331707954407,0,0,0,1072
34.82446241378784,0,0,0,1072
34.855751037597656,0,0,0,1072
34.88773798942566,0,0,0,1072
34.91896963119507,0,0,0,1072
34.95027804374695,0,0,0,1072
34.982025146484375,0,0,0,1072
35.01334547996521,0,0,0,1072
35.04471135139465,0,0,0,1072
35.07619905471802,0,0,0,1072
35.10747838020325,0,0,0,1072
35.13879203796387,0,0,0,1072
35.17004179954529,0,0,0,1072
35.20136618614197,0,0,0,1072
35.23259520530701,0,0,0,1072
35.26389455795288,0,0,0,1072
35.295856952667236,0,0,0,1072
35.327176332473755,0,0,0,1072
35.35837006568909,0,0,0,1072
35.39031624794006,0,0,0,1072
35.421634912490845,0,0,0,1072
35.45271873474121,0,0,0,1072
35.48439311981201,0,0,0,1072
35.51575803756714,0,0,0,1072
35.546996116638184,0,0,0,1072
35.57856583595276,0,0,0,1072
35.60985326766968,0,0,0,1072
35.64112877845764,0,0,0,1072
35.67251420021057,0,0,0,1072
35.70385503768921,0,0,0,1072
35.73513674736023,0,0,0,1072
35.76630163192749,0,0,0,1072
35.79807758331299,0,0,0,1072
35.82934021949768,0,0,0,1072
35.86065912246704,0,0,0,1072
35.892611026763916,0,0,0,1072
35.92395067214966,0,0,0,1072
35.955145835876465,0,0,0,1072
35.98696684837341,0,0,0,1072
36.01839542388916,0,1,0,1072
36.04957056045532,0,1,0,1123
36.08129000663757,0,0,0,1123
36.11257815361023,0,0,0,1123
36.1439163684845,0,0,0,1123
36.175363063812256,0,0,0,1123
36.20675349235535,0,0,0,1123
36.23795700073242,0,0,0,1123
36.26920199394226,0,0,0,1123
36.30112600326538,0,0,0,1123
36.33234977722168,0,0,0,1123
36.363630056381226,0,0,0,1123
36.39515542984009,0,0,0,1123
36.42642092704773,0,0,0,1123
36.45758628845215,0,0,0,1123
36.48956871032715,0,0,0,1123
36.52064061164856,0,0,0,1123
36.55191254615784,0,0,0,1123
36.58350658416748,0,0,0,1123
36.61477065086365,0,0,0,1123
36.646533727645874,0,0,0,1123
36.678269386291504,0,0,0,1123
36.70956826210022,0,0,0,1123
36.740883588790894,0,0,0,1123
36.77216053009033,0,0,0,1123
36.80408549308777,0,0,0,1123
36.83541774749756,0,0,0,1123
36.866602659225464,0,0,0,1123
36.898576736450195,0,0,0,1123
36.929848194122314,0,0,0,1123
36.961074113845825,0,0,0,1123
36.99298667907715,0,0,0,1123
37.0241973400116,0,0,0,1123
37.055639028549194,0,0,0,1123
37.087061166763306,0,0,0,1123
37.118345499038696,0,0,0,1123
37.149669885635376,0,0,0,1123
37.18146347999573,0,0,0,1123
37.21281051635742,0,0,0,1123
37.243985652923584,0,0,0,1123
37.275330781936646,0,0,0,1123
37.30651235580444,0,0,0,1123
37.33789110183716,0,0,0,1123
37.36907982826233,0,0,0,1123
37.400495290756226,0,0,0,1123
37.43212628364563,0,0,0,1123
37.463491678237915,0,0,0,1123
37.49545621871948,0,0,0,1123
37.52667188644409,0,0,0,1123
37.558053970336914,0,0,0,1123
37.58952283859253,0,0,0,1123
37.62087440490723,0,0,0,1123
37.65212059020996,0,0,0,1123
37.683958530426025,0,0,0,1123
37.71529817581177,0,0,0,1123
37.74655795097351,0,0,0,1123
37.77849984169006,0,0,0,1123
37.80978274345398,0,0,0,1123
37.84102749824524,0,0,0,1123
37.872315883636475,0,0,0,1123
37.90381741523743,0,0,0,1123
37.935099363327026,0,0,0,1123
37.96630883216858,0,0,0,1123
37.99828362464905,0,0,0,1123
38.02954077720642,0,0,0,1123
38.060638427734375,0,0,0,1123
38.092291593551636,0,0,0,1123
38.1236138343811,0,0,0,1123
38.154995918273926,0,0,0,1123
38.1867139339447,0,0,0,1123
38.21815323829651,0,0,0,1123
38.24931979179382,0,0,0,1123
38.280685901641846,0,0,0,1123
38.31204581260681,0,0,0,1123
38.34332752227783,0,0,0,1123
38.374577045440674,0,0,0,1123
38.40642714500427,0,0,0,1123
38.4377076625824,1,0,0,1123
38.46902513504028,1,0,0,1123
38.50110387802124,1,0,0,1174
38.53230905532837,0,0,0,1174
38.563448429107666,0,0,0,1174
38.595104694366455,0,0,0,1174
38.626368284225464,0,0,0,1174
38.65768241882324,0,0,0,1174
38.68923044204712,0,0,0,1174
38.72057247161865,0,0,0,1174
38.75182271003723,0,0,0,1174
38.783573627471924,0,0,0,1174
38.814903259277344,0,0,0,1174
38.84618616104126,0,0,0,1174
38.877437353134155,0,0,0,1174
38.90920424461365,0,0,0,1174
38.94053387641907,0,0,0,1174
38.97185397148132,0,0,0,1174
39.00350499153137,0,0,0,1174
39.034807205200195,0,0,0,1174
39.065900802612305,0,0,0,1174
39.09761595726013,0,0,0,1174
39.1289222240448,0,0,1,1174
39.16011667251587,0,0,1,1174
39.19205975532532,0,0,1,1174
39.223336935043335,0,0,1,1225
39.254684925079346,0,0,0,1225
39.28604006767273,0,0,0,1225
39.31736087799072,0,0,0,1225
39.348613262176514,0,0,0,1225
39.380016803741455,0,0,0,1225
39.41137075424194,0,0,0,1225
39.44263291358948,0,0,0,1225
39.47388815879822,0,0,0,1225
39.50537157058716,0,0,0,1225
39.536672592163086,0,0,0,1225
39.56778907775879,0,0,0,1225
39.59950089454651,0,0,0,1225
39.630791664123535,0,0,0,1225
39.66210961341858,0,0,0,1225
39.69347786903381,0,0,0,1225
39.72482109069824,0,0,0,1225
39.75607681274414,0,0,0,1225
39.787489891052246,0,0,0,1225
39.8189263343811,0,0,0,1225
39.850218296051025,0,0,0,1225
39.88131141662598,0,0,0,1225
39.91259717941284,0,0,0,1225
39.943888902664185,0,0,0,1225
39.97512936592102,0,0,0,1225
40.00710391998291,0,1,0,1225
40.038347244262695,0,1,0,1225
40.06943726539612,0,1,0,1276
40.10115337371826,0,0,0,1276
40.13400363922119,0,0,0,1276
40.163851737976074,0,0,0,1276
40.19569396972656,0,0,0,1276
40.22699236869812,0,0,0,1276
40.258302450180054,0,0,0,1276
40.28970789909363,0,0,0,1276
40.32100558280945,0,0,0,1276
40.35230255126953,0,0,0,1276
40.38414144515991,0,0,0,1276
40.415496826171875,0,0,0,1276
40.44676446914673,0,0,0,1276
40.47811198234558,0,0,0,1276
40.50995898246765,0,0,0,1276
40.54155731201172,0,0,0,1276
40.573129653930664,0,0,0,1276
40.6049382686615,0,0,0,1276
40.63621926307678,0,0,0,1276
40.66754746437073,0,0,0,1276
40.698843240737915,0,0,0,1276
40.7300660610199,0,0,0,1276
40.76138687133789,0,0,0,1276
40.793184757232666,0,0,0,1276
40.8245325088501,0,0,0,1276
40.855859994888306,0,0,0,1276
40.88723635673523,0,0,0,1276
40.91858267784119,0,0,0,1276
40.94982933998108,0,0,0,1276
40.98107695579529,0,0,0,1276
41.01308226585388,0,0,0,1276
41.04427218437195,0,0,0,1276
41.076146364212036,0,0,0,1276
41.10793685913086,0,0,0,1276
41.139291524887085,0,0,0,1276
41.17053818702698,0,0,0,1276
41.20244908332825,0,0,0,1276
41.23367476463318,0,0,0,1276
41.264880895614624,0,0,0,1276
41.296327114105225,0,0,0,1276
41.32767391204834,0,0,0,1276
41.35897755622864,0,0,0,1276
41.39071536064148,0,0,0,1276
41.42217254638672,0,0,0,1276
41.453314542770386,0,0,0,1276
41.48507285118103,0,0,0,1276
41.51681733131409,0,0,0,1276
41.54857420921326,0,0,0,1276
41.58053493499756,0,0,0,1276
41.61209535598755,0,0,0,1276
41.64390778541565,0,0,0,1276
41.67530012130737,0,0,0,1276
41.70721220970154,0,0,0,1276
41.73840141296387,0,0,0,1276
41.76966738700867,0,0,0,1276
41.80136561393738,0,0,0,1276
41.83271384239197,0,0,0,1276
41.864012241363525,0,0,0,1276
41.89577007293701,0,0,0,1276
41.927852630615234,0,0,0,1276
41.958571672439575,0,0,0,1276
41.99085831642151,0,0,0,1276
42.02223205566406,0,0,0,1276
42.05352568626404,0,0,0,1276
42.08535099029541,0,0,0,1276
42.11709785461426,0,0,0,1276
42.1487557888031,0,0,0,1276
42.18043565750122,0,0,0,1276
42.21234750747681,0,0,0,1276
42.24365472793579,0,0,0,1276
42.27498006820679,0,0,0,1276
42.30685043334961,0,0,0,1276
42.338136434555054,0,0,0,1276
42.36940860748291,0,0,0,1276
42.401148080825806,0,0,0,1276
42.43256211280823,0,0,0,1276
42.463873624801636,0,0,0,1276
42.495957136154175,0,0,0,1276
42.52725267410278,0,0,0,1276
42.558491230010986,0,0,0,1276
42.590129375457764,0,0,0,1276
42.62151312828064,0,0,0,1276
42.65279030799866,0,0,0,1276
42.68394684791565,0,0,0,1276
42.71597099304199,0,0,0,1276
42.747225761413574,0,0,0,1276
42.77848839759827,0,0,0,1276
42.81042551994324,0,0,0,1276
42.841670513153076,0,0,0,1276
42.87336730957031,0,0,0,1276
42.90529274940491,0,0,0,1276
42.93654203414917,0,0,0,1276
42.967854499816895,0,0,0,1276
42.999619483947754,0,0,0,1276
43.0309579372406,0,0,0,1276
43.06222462654114,0,0,0,1276
43.0934636592865,0,0,0,1276
43.12483048439026,0,0,0,1276
43.156068563461304,0,0,0,1276
43.18781852722168,0,0,0,1276
43.21911668777466,0,0,0,1276
43.250364542007446,1,0,0,1276
43.28195595741272,1,0,0,1276
43.31389307975769,1,0,0,1327
43.34507870674133,0,0,0,1327
43.37698459625244,0,0,0,1327
43.40851926803589,0,0,0,1327
43.43974709510803,0,0,0,1327
43.471071004867554,0,0,0,1327
43.50268197059631,0,0,0,1327
43.53455471992493,0,0,0,1327
43.56634569168091,0,0,0,1327
43.59836959838867,0,0,0,1327
43.63010764122009,0,0,0,1327
43.66144108772278,0,0,0,1327
43.69324707984924,0,0,0,1327
43.72461462020874,0,0,0,1327
43.75623917579651,0,0,0,1327
43.788376569747925,0,0,0,1327
43.82099771499634,0,0,0,1327
43.853862285614014,0,0,0,1327
43.884084939956665,0,0,0,1327
43.916154861450195,0,0,0,1327
43.94736385345459,0,0,0,1327
43.97874879837036,0,0,0,1327
44.01034212112427,0,0,0,1327
44.04159736633301,0,1,0,1327
44.073198080062866,0,1,0,1378
44.10478067398071,0,0,0,1378
44.13613200187683,0,0,0,1378
44.167481660842896,0,0,0,1378
44.19930124282837,0,0,0,1378
44.23068904876709,0,0,0,1378
44.26234316825867,0,0,0,1378
44.29419016838074,0,0,0,1378
44.325783491134644,0,0,0,1378
44.357431173324585,0,0,0,1378
44.38901948928833,0,0,0,1378
44.4207501411438,0,0,0,1378
44.452064752578735,0,0,0,1378
44.48348927497864,0,0,0,1378
44.51495957374573,0,0,0,1378
44.546448707580566,0,0,0,1378
44.57821774482727,0,0,0,1378
44.60995030403137,0,0,0,1378
44.64134645462036,0,0,0,1378
44.67250204086304,0,0,0,1378
44.703848361968994,0,0,0,1378
44.73524236679077,0,0,0,1378
44.76645374298096,0,0,1,1378
44.798105001449585,0,0,1,1378
44.82978081703186,0,0,1,1429
44.86111378669739,0,0,0,1429
44.893128871917725,0,0,0,1429
44.92455339431763,0,0,0,1429
44.95571994781494,0,0,0,1429
44.986966133117676,0,0,0,1429
45.01856756210327,0,0,0,1429
45.04989552497864,0,0,0,1429
45.081833362579346,0,0,0,1429
45.1138551235199,0,0,0,1429
45.14515542984009,0,0,0,1429
45.176416635513306,0,0,0,1429
45.20821213722229,0,0,0,1429
45.23950815200806,0,0,0,1429
45.27080702781677,0,0,0,1429
45.303674936294556,0,0,0,1429
45.33491373062134,0,0,0,1429
45.36638379096985,0,0,0,1429
45.398184299468994,0,0,0,1429
45.42952632904053,0,0,0,1429
45.46090006828308,0,0,0,1429
45.49202585220337,0,0,0,1429
45.52387833595276,0,0,0,1429
45.55529737472534,0,0,0,1429
45.586944580078125,0,0,0,1429
45.6184184551239,0,0,0,1429
45.64966940879822,0,0,0,1429
45.68097758293152,0,0,0,1429
45.71247363090515,0,0,0,1429
45.743704319000244,0,0,0,1429
45.774978160858154,0,0,0,1429
45.80659246444702,0,0,0,1429
45.83794045448303,0,0,0,1429
45.86919045448303,0,0,0,1429
45.90070295333862,0,0,0,1429
45.93204140663147,0,0,0,1429
45.96340870857239,0,0,0,1429
45.994165897369385,0,0,0,1429
46.0264253616333,0,0,0,1429
46.05725145339966,0,0,0,1429
46.08830666542053,0,0,0,1429
46.11976337432861,0,0,0,1429
46.15137839317322,0,0,0,1429
46.182798624038696,0,0,0,1429
46.21467852592468,0,0,0,1429
46.24683356285095,0,0,0,1429
46.277708530426025,0,0,0,1429
46.30943274497986,0,0,0,1429
46.34154677391052,0,0,0,1429
46.37244415283203,0,0,0,1429
46.40425181388855,0,0,0,1429
46.435604095458984,0,0,0,1429
46.46685266494751,0,0,0,1429
46.49828910827637,0,0,0,1429
46.529736042022705,0,0,0,1429
46.561603307724,0,0,0,1429
46.59184980392456,0,0,0,1429
46.623714208602905,0,0,0,1429
46.65487766265869,0,0,0,1429
46.6861891746521,0,0,0,1429
46.718122720718384,0,0,0,1429
46.74932622909546,0,0,0,1429
46.780632972717285,0,0,0,1429
46.81240439414978,0,0,0,1429
46.843669176101685,0,0,0,1429
46.87497115135193,0,0,0,1429
46.906781911849976,0,0,0,1429
46.93822717666626,0,0,0,1429
46.96984791755676,0,0,0,1429
47.001880168914795,0,0,0,1429
47.0332248210907,0,0,0,1429
47.064494371414185,0,0,0,1429
47.09639024734497,0,0,0,1429
47.12779641151428,0,0,0,1429
47.16025185585022,0,0,0,1429
47.191232204437256,0,0,0,1429
47.2232825756073,0,0,0,1429
47.25474452972412,0,0,0,1429
47.28604316711426,0,0,0,1429
47.31770467758179,0,0,0,1429
47.34892797470093,0,0,0,1429
47.38018298149109,0,0,0,1429
47.412012815475464,0,0,0,1429
47.4433228969574,0,0,0,1429
47.47460651397705,0,0,0,1429
47.50601291656494,0,0,0,1429
47.537747859954834,0,0,0,1429
47.56941771507263,0,0,0,1429
47.60096073150635,0,0,0,1429
47.6326789855957,0,0,0,1429
47.6640305519104,0,0,0,1429
47.695207357406616,0,0,0,1429
47.72661375999451,0,0,0,1429
47.757867097854614,0,0,0,1429
47.789170265197754,0,0,0,1429
47.82116079330444,0,0,0,1429
47.85245108604431,0,0,0,1429
47.883599042892456,0,0,0,1429
47.91536355018616,0,0,0,1429
47.94669985771179,0,0,0,1429
47.977947473526,0,0,0,1429
48.00941705703735,0,0,0,1429
48.040714502334595,0,0,0,1429
48.07211351394653,1,0,0,1429
48.1041214466095,1,0,0,1429
48.13563537597656,1,0,0,1480
48.16692543029785,0,0,0,1480
48.198216915130615,0,0,0,1480
48.23015379905701,0,0,0,1480
48.26140737533569,0,0,0,1480
48.29259634017944,0,0,0,1480
48.32461500167847,0,0,0,1480
48.355961084365845,0,0,0,1480
48.387205839157104,0,0,0,1480
48.418081283569336,0,0,0,1480
48.449294090270996,0,0,0,1480
48.480552434921265,0,0,0,1480
48.512428283691406,0,0,0,1480
48.543760776519775,0,0,0,1480
48.574973583221436,0,0,0,1480
48.606465339660645,0,0,0,1480
48.638243436813354,0,0,0,1480
48.66998815536499,0,0,0,1480
48.70129370689392,0,0,0,1480
48.73322796821594,0,0,0,1480
48.76484274864197,0,0,0,1480
48.796698570251465,0,0,0,1480
48.82865571975708,0,0,0,1480
48.859923124313354,0,0,0,1480
48.89152240753174,0,0,0,1480
48.9234356880188,0,0,0,1480
48.954747915267944,0,0,0,1480
48.98602890968323,0,0,0,1480
49.01780605316162,0,0,0,1480
49.049251079559326,0,0,0,1480
49.08040118217468,0,0,0,1480
49.11182641983032,0,0,0,1480
49.14336967468262,0,0,0,1480
49.174736738204956,0,0,0,1480
49.20604085922241,0,0,0,1480
49.23747396469116,0,0,0,1480
49.268630266189575,0,0,0,1480
49.29993176460266,0,0,0,1480
49.3314003944397,0,0,0,1480
49.36276912689209,0,0,0,1480
49.393893003463745,0,0,0,1480
49.42591142654419,0,0,0,1480
49.457181453704834,0,0,0,1480
49.48841905593872,0,0,0,1480
49.520185470581055,0,0,0,1480
49.55160307884216,0,0,0,1480
49.58289051055908,0,0,0,1480
49.61477470397949,0,0,0,1480
49.64637303352356,0,0,0,1480
49.67968988418579,0,0,0,1480
49.70938539505005,0,0,0,1480
49.740761041641235,0,0,0,1480
49.77199840545654,0,0,0,1480
49.8044707775116,0,0,0,1480
49.835062742233276,0,0,0,1480
49.866307973861694,0,0,0,1480
49.89737892150879,0,0,0,1480
49.928964376449585,0,0,0,1480
49.96011734008789,0,0,0,1480
49.99146485328674,0,0,0,1480
50.023447036743164,0,0,0,1480
50.05469536781311,0,0,0,1480
50.08603477478027,0,0,0,1480
50.1176233291626,0,0,0,1480
50.14890956878662,0,0,0,1480
50.18023180961609,0,0,0,1480
50.21199703216553,0,0,0,1480
50.24342918395996,0,0,0,1480
50.27471566200256,0,0,0,1480
50.307106018066406,0,0,0,1480
50.33795142173767,0,0,0,1480
50.369168519973755,0,0,1,1480
50.40047311782837,0,0,1,1480
50.432379961013794,0,0,1,1480
50.46361494064331,0,0,1,1531
50.494884967803955,0,0,0,1531
50.52679896354675,0,0,0,1531
50.55809473991394,0,0,0,1531
50.589250802993774,0,0,0,1531
50.620946168899536,0,0,0,1531
50.652236223220825,0,0,0,1531
50.68348550796509,0,0,0,1531
50.71525001525879,0,0,0,1531
50.74667143821716,0,0,0,1531
50.7778377532959,0,0,0,1531
50.80920958518982,0,0,0,1531
50.840503215789795,0,0,0,1531
50.871811389923096,0,0,0,1531
50.90308427810669,0,0,0,1531
50.935102462768555,0,0,0,1531
50.96635341644287,0,0,0,1531
50.997634172439575,0,0,0,1531
51.029255390167236,0,0,0,1531
51.06053924560547,0,0,0,1531
51.091925382614136,0,0,0,1531
51.123544454574585,0,0,0,1531
51.15493392944336,0,0,0,1531
51.18628907203674,0,0,0,1531
51.21809983253479,0,0,0,1531
51.24950551986694,0,0,0,1531
51.280677318573,0,0,0,1531
51.31246566772461,0,0,0,1531
51.34380793571472,0,0,0,1531
51.37505125999451,0,0,0,1531
51.406309366226196,0,0,0,1531
51.43839406967163,0,0,0,1531
51.46961426734924,0,0,0,1531
51.500839948654175,0,0,0,1531
51.53297567367554,0,0,0,1531
51.564141511917114,0,0,0,1531
51.595386266708374,0,0,0,1531
51.62713360786438,0,0,0,1531
51.658878564834595,0,0,0,1531
51.69018578529358,0,0,0,1531
51.72206091880798,0,0,0,1531
51.75449848175049,0,0,0,1531
51.78540253639221,0,0,0,1531
51.81715130805969,0,0,0,1531
51.84848380088806,0,0,0,1531
51.8797492980957,0,0,0,1531
51.911017656326294,0,0,0,1531
51.94308137893677,0,0,0,1531
51.97435450553894,0,0,0,1531
52.00551128387451,0,0,0,1531
52.03713345527649,0,0,0,1531
52.06837844848633,0,0,0,1531
52.09946942329407,0,0,0,1531
52.13151502609253,0,0,0,1531
52.16300296783447,0,0,0,1531
52.19442105293274,0,0,0,1531
52.2257981300354,0,0,0,1531
52.25721025466919,0,0,0,1531
52.28834509849548,0,0,0,1531
52.32009482383728,0,0,0,1531
52.35145354270935,0,0,0,1531
52.38280153274536,0,0,0,1531
52.41452741622925,0,0,0,1531
52.44572591781616,0,0,0,1531
52.4770827293396,0,0,0,1531
52.508379220962524,0,0,0,1531
52.540433168411255,0,0,0,1531
52.571637868881226,0,0,0,1531
52.602781534194946,0,0,0,1531
52.63420915603638,0,0,0,1531
52.6653778553009,0,0,0,1531
52.69663667678833,0,0,0,1531
52.728522300720215,0,0,0,1531
52.75993633270264,0,0,0,1531
52.791149854660034,0,0,0,1531
52.82301664352417,0,0,0,1531
52.85452055931091,0,0,0,1531
52.88584852218628,1,0,0,1531
52.91726469993591,1,0,0,1531
52.949084520339966,1,0,0,1582
52.98065161705017,0,0,0,1582
53.01198959350586,0,0,0,1582
53.04353713989258,0,0,0,1582
53.074790477752686,0,0,0,1582
53.10658597946167,0,0,0,1582
53.13946747779846,0,0,0,1582
53.17007803916931,0,0,0,1582
53.20177960395813,0,0,0,1582
53.234033823013306,0,0,0,1582
53.26581788063049,0,0,0,1582
53.297529220581055,0,0,0,1582
53.32895088195801,0,0,0,1582
53.360812187194824,0,0,0,1582
53.3924765586853,0,0,0,1582
53.42434024810791,0,0,0,1582
53.455702781677246,0,0,0,1582
53.48690962791443,0,0,0,1582
53.51882863044739,0,0,0,1582
53.55061435699463,0,0,0,1582
53.58196234703064,0,0,0,1582
53.613144397735596,0,0,0,1582
53.644583225250244,0,0,0,1582
53.676607847213745,0,0,0,1582
53.70801520347595,0,0,0,1582
53.739906311035156,0,0,0,1582
53.77230763435364,0,0,0,1582
53.80312371253967,0,0,0,1582
53.83442950248718,0,0,0,1582
53.86565136909485,0,0,0,1582
53.89731049537659,0,0,0,1582
53.92893433570862,0,0,0,1582
53.960286140441895,0,0,0,1582
53.99157667160034,0,0,0,1582
54.023306369781494,0,0,0,1582
54.05464959144592,0,0,0,1582
54.085848331451416,0,0,0,1582
54.11721587181091,0,0,0,1582
54.14930438995361,0,0,0,1582
54.18057560920715,0,0,0,1582
54.211987257003784,0,0,0,1582
54.24386548995972,0,0,0,1582
54.27512502670288,0,0,0,1582
54.3063805103302,0,0,0,1582
54.337844371795654,0,0,0,1582
54.369067668914795,0,0,0,1582
54.400322675704956,0,0,0,1582
54.43204879760742,0,0,0,1582
54.46341300010681,0,0,0,1582
54.49470615386963,0,0,0,1582
54.52606272697449,0,0,0,1582
54.557745695114136,0,0,0,1582
54.58910942077637,0,0,0,1582
54.62034797668457,0,0,0,1582
54.65240430831909,0,0,0,1582
54.68373489379883,0,0,0,1582
54.71502709388733,0,0,0,1582
54.746999740600586,0,0,0,1582
54.778345584869385,0,0,0,1582
54.809614419937134,0,0,0,1582
54.841548919677734,0,0,0,1582
54.873300313949585,0,0,0,1582
54.90473127365112,0,0,0,1582
54.935967445373535,0,0,0,1582
54.96728849411011,0,0,0,1582
54.998568534851074,0,0,0,1582
55.030481576919556,0,0,0,1582
55.061808347702026,0,0,0,1582
55.09311580657959,0,0,0,1582
55.124897956848145,0,0,0,1582
55.156630992889404,0,0,0,1582
55.187965631484985,0,0,0,1582
55.21933960914612,0,0,0,1582
55.2511932849884,0,0,0,1582
55.28245663642883,0,0,0,1582
55.313660621643066,0,0,0,1582
55.34528994560242,0,0,0,1582
55.376527309417725,0,0,0,1582
55.40778708457947,0,0,0,1582
55.438689947128296,0,0,0,1582
55.4699387550354,0,0,0,1582
55.50111770629883,0,0,0,1582
55.533029317855835,0,0,0,1582
55.56436491012573,0,0,0,1582
55.595622539520264,0,0,0,1582
55.62741541862488,0,0,0,1582
55.6591682434082,0,0,0,1582
55.690500020980835,0,0,0,1582
55.72185182571411,0,0,0,1582
55.753331422805786,0,0,0,1582
55.78456497192383,0,0,0,1582
55.81573939323425,0,0,0,1582
55.84722018241882,0,0,0,1582
55.87926411628723,0,0,0,1582
55.91008424758911,0,0,0,1582
55.94159698486328,0,0,0,1582
55.972933769226074,0,0,0,1582
56.004042863845825,0,0,1,1582
56.03607201576233,0,0,1,1582
56.06750202178955,0,0,1,1582
56.099326848983765,0,0,1,1633
56.13127398490906,0,0,0,1633
56.16289019584656,0,0,0,1633
56.19392418861389,0,0,0,1633
56.22522473335266,0,0,0,1633
56.256675481796265,0,0,0,1633
56.28775501251221,0,0,0,1633
56.319544553756714,0,0,0,1633
56.35145688056946,0,0,0,1633
56.3826961517334,0,0,0,1633
56.41472768783569,0,0,0,1633
56.44664931297302,0,0,0,1633
56.477877378463745,0,0,0,1633
56.509143352508545,0,0,0,1633
56.54105591773987,0,0,0,1633
56.57251310348511,0,0,0,1633
56.604639291763306,0,0,0,1633
56.63494348526001,0,0,0,1633
56.6667857170105,0,0,0,1633
56.69808888435364,0,0,0,1633
56.73009371757507,0,0,0,1633
56.76141881942749,0,0,0,1633
56.79265856742859,0,0,0,1633
56.823888301849365,0,0,0,1633
56.85539412498474,0,0,0,1633
56.88668966293335,0,0,0,1633
56.91785717010498,0,0,0,1633
56.94981575012207,0,0,0,1633
56.98112177848816,0,0,0,1633
57.012462854385376,0,0,0,1633
57.04454684257507,0,0,0,1633
57.075692653656006,0,0,0,1633
57.107033491134644,0,0,0,1633
57.13926553726196,0,0,0,1633
57.17059516906738,0,0,0,1633
57.20189166069031,0,0,0,1633
57.233787298202515,0,0,0,1633
57.26513695716858,0,0,0,1633
57.29636788368225,0,0,0,1633
57.32788825035095,0,0,0,1633
57.359211683273315,0,0,0,1633
57.390520095825195,0,0,0,1633
57.42173790931702,0,0,0,1633
57.45374131202698,0,0,0,1633
57.4849739074707,0,0,0,1633
57.51629996299744,0,0,0,1633
57.547895669937134,0,0,0,1633
57.57926154136658,0,0,0,1633
57.61045217514038,0,0,0,1633
57.6424834728241,0,0,0,1633
57.67415523529053,0,0,0,1633
57.70553278923035,0,0,0,1633
57.73739767074585,0,0,0,1633
57.76879382133484,0,0,0,1633
57.79999256134033,0,0,0,1633
57.831374168395996,0,0,0,1633
57.86427450180054,0,0,0,1633
57.894248962402344,0,0,0,1633
57.92544460296631,0,0,0,1633
57.9574179649353,0,0,0,1633
57.98867130279541,0,0,0,1633
58.01992321014404,0,0,0,1633
58.051793813705444,0,0,0,1633
58.08314323425293,0,0,0,1633
58.1143684387207,0,0,0,1633
58.14580583572388,0,0,0,1633
58.17714524269104,0,0,0,1633
58.208457708358765,0,0,0,1633
58.24029612541199,0,0,0,1633
58.27160573005676,0,0,0,1633
58.30288815498352,0,0,0,1633
58.33469820022583,0,0,0,1633
58.36602854728699,0,0,0,1633
58.397358655929565,0,0,0,1633
58.428587436676025,0,0,0,1633
58.4604275226593,0,0,0,1633
58.49169039726257,0,0,0,1633
58.522974729537964,0,0,0,1633
58.554938077926636,0,0,0,1633
58.586148262023926,0,0,0,1633
58.617385387420654,0,0,0,1633
58.64933776855469,0,0,0,1633
58.68113160133362,0,0,0,1633
58.71255445480347,0,0,0,1633
58.74380707740784,0,0,0,1633
58.77522039413452,0,0,0,1633
58.80644965171814,0,0,0,1633
58.83769130706787,0,0,0,1633
58.86914801597595,0,0,0,1633
58.90026021003723,0,0,0,1633
58.93154311180115,0,0,0,1633
58.96289944648743,0,0,0,1633
58.99419569969177,0,0,0,1633
59.025402545928955,0,0,0,1633
59.056885719299316,0,0,0,1633
59.08810210227966,0,0,0,1633
59.119375705718994,0,0,0,1633
59.15170979499817,0,0,0,1633
59.18277955055237,0,0,0,1633
59.21414017677307,0,0,0,1633
59.24601626396179,0,0,0,1633
59.277393102645874,0,0,0,1633
59.30859446525574,0,0,0,1633
59.33989977836609,0,0,0,1633
59.371264934539795,0,0,0,1633
59.40251350402832,0,0,0,1633
59.434266328811646,0,0,0,1633
59.4656503200531,0,0,0,1633
59.49685287475586,0,0,0,1633
59.52812886238098,0,0,0,1633
59.55999398231506,0,0,0,1633
59.59145903587341,0,0,0,1633
59.62298035621643,0,0,0,1633
59.654380559921265,0,0,0,1633
59.68606781959534,0,0,0,1633
59.71724772453308,0,0,0,1633
59.74913477897644,0,0,0,1633
59.780510902404785,0,0,0,1633
59.81171441078186,0,0,0,1633
59.84356093406677,0,0,0,1633
59.87496590614319,0,0,0,1633
59.90618586540222,0,0,0,1633
59.93804979324341,0,0,0,1633
59.969390869140625,0,0,0,1633
60.000619411468506,0,0,0,1633
60.03191876411438,0,0,0,1633
60.06381702423096,0,0,0,1633
60.095070362091064,0,0,0,1633
60.12633466720581,0,0,0,1633
60.157756090164185,0,0,0,1633
60.18969011306763,0,0,0,1633
60.2209849357605,0,0,0,1633
60.252938747406006,0,0,0,1633
60.284159660339355,0,0,0,1633
60.31541466712952,0,0,0,1633
60.34675145149231,0,0,0,1633
60.37813997268677,0,0,0,1633
60.4093451499939,0,0,0,1633
60.4407434463501,0,0,0,1633
60.472089529037476,0,0,0,1633
60.5033814907074,0,0,0,1633
60.53482723236084,0,0,0,1633
60.56708097457886,0,0,0,1633
60.59855341911316,0,0,0,1633
60.62985444068909,0,0,0,1633
60.6616997718811,0,0,0,1633
60.693670988082886,0,0,0,1633
60.72497272491455,0,0,0,1633
60.756458044052124,0,0,0,1633
60.787755250930786,0,0,0,1633
60.819491386413574,0,0,0,1633
60.851462841033936,0,0,0,1633
60.8828125,0,0,0,1633
60.914066791534424,0,0,0,1633
60.945531368255615,0,0,0,1633
60.97697710990906,0,0,0,1633
61.00811696052551,0,0,0,1633
61.03986954689026,0,0,0,1633
61.07113599777222,0,0,0,1633
61.10245990753174,0,0,0,1633
61.1336989402771,0,0,0,1633
61.16573119163513,0,0,0,1633
61.19694805145264,0,0,0,1633
61.22857189178467,0,0,0,1633
61.26032543182373,0,0,0,1633
61.29253673553467,0,0,0,1633
61.32347583770752,0,0,0,1633
61.35536026954651,0,0,0,1633
61.38667178153992,0,0,0,1633
61.41800355911255,0,0,0,1633
61.44943451881409,0,0,0,1633
61.481237173080444,0,0,0,1633
61.512561559677124,0,0,0,1633
61.54439353942871,0,0,0,1633
61.5757360458374,0,0,0,1633
61.609389543533325,0,0,0,1633
61.639206409454346,0,0,1,1633
61.6704363822937,0,0,1,1633
61.70161700248718,0,0,1,1684
61.73301315307617,0,0,0,1684
61.764864921569824,0,0,0,1684
61.79610896110535,0,0,0,1684
61.827353715896606,0,0,0,1684
61.8592050075531,0,0,0,1684
61.890504360198975,0,0,0,1684
61.92341756820679,0,0,0,1684
61.954692125320435,0,0,0,1684
61.98604154586792,0,0,0,1684
62.017335414886475,0,0,0,1684
62.04892349243164,0,0,0,1684
62.080275774002075,0,0,0,1684
62.11158084869385,0,0,0,1684
62.14334177970886,0,0,0,1684
62.174766063690186,0,0,0,1684
62.206029653549194,0,0,0,1684
62.23756384849548,0,0,0,1684
62.26929497718811,0,0,0,1684
62.30060529708862,0,0,0,1684
62.331860065460205,0,0,0,1684
62.36339712142944,0,0,0,1684
62.39474153518677,0,0,0,1684
62.42686080932617,0,0,0,1684
62.45777630805969,0,0,0,1684
62.48907661437988,0,0,0,1684
62.520310163497925,0,0,0,1684
62.55206775665283,0,0,0,1684
62.583394050598145,0,0,0,1684
62.61464762687683,0,0,0,1684
62.64639496803284,0,0,0,1684
62.67779755592346,0,0,0,1684
62.7094087600708,0,0,0,1684
62.741241455078125,0,0,0,1684
62.772570848464966,0,0,0,1684
62.803770780563354,0,0,0,1684
62.83499312400818,0,0,0,1684
62.86691451072693,0,0,0,1684
62.89815425872803,0,0,0,1684
62.92952585220337,0,0,0,1684
62.96150207519531,0,0,0,1684
62.99271035194397,0,0,0,1684
63.023961544036865,0,0,0,1684
63.055420875549316,0,0,0,1684
63.086913108825684,0,0,0,1684
63.11805510520935,0,0,0,1684
63.149441957473755,0,0,0,1684
63.18077778816223,0,0,0,1684
63.21211624145508,0,0,0,1684
63.24431014060974,0,0,0,1684
63.276002407073975,0,0,0,1684
63.307390213012695,0,0,0,1684
63.33956050872803,0,0,0,1684
63.37052774429321,0,0,0,1684
63.401849031448364,0,0,0,1684
63.433040142059326,0,0,0,1684
63.46460032463074,0,0,0,1684
63.495768308639526,0,0,0,1684
63.52703809738159,0,0,0,1684
63.55961346626282,0,0,0,1684
63.590590476989746,0,0,0,1684
63.621845960617065,0,0,0,1684
63.65327310562134,0,0,0,1684
63.684717893600464,0,0,0,1684
63.716211795806885,0,0,0,1684
63.74840950965881,0,0,0,1684
63.78131294250488,0,0,0,1684
63.812875747680664,0,0,0,1684
63.844321727752686,0,0,0,1684
63.87572479248047,0,0,0,1684
63.90715765953064,0,0,0,1684
63.93829584121704,0,0,0,1684
63.969796895980835,0,0,0,1684
64.00106954574585,0,0,0,1684
64.03234791755676,0,0,0,1684
64.06421375274658,0,0,0,1684
64.0955548286438,0,0,0,1684
64.12669610977173,0,0,0,1684
64.15855240821838,0,0,0,1684
64.19017100334167,0,0,0,1684
64.22193241119385,0,0,0,1684
64.25366878509521,0,0,0,1684
64.28559947013855,0,0,0,1684
64.31703853607178,0,0,0,1684
64.34864377975464,0,0,0,1684
64.38005232810974,0,0,0,1684
64.4112606048584,0,0,0,1684
64.44253730773926,0,0,0,1684
64.47405552864075,0,0,0,1684
64.50520539283752,0,0,0,1684
64.53653478622437,0,0,0,1684
64.56814193725586,0,0,0,1684
64.59949707984924,0,0,0,1684
64.63079118728638,0,0,0,1684
64.66245198249817,0,0,0,1684
64.69454646110535,0,0,0,1684
64.72635388374329,0,0,0,1684
64.7581057548523,0,0,0,1684
64.7895393371582,0,0,0,1684
64.82070350646973,0,0,0,1684
64.85258483886719,0,0,0,1684
64.8840024471283,0,0,0,1684
64.91520929336548,0,0,0,1684
64.94700503349304,0,0,0,1684
64.9783103466034,0,0,0,1684
65.00955510139465,0,0,0,1684
65.04087424278259,0,0,0,1684
65.07238411903381,0,0,0,1684
65.10367393493652,0,0,0,1684
65.13491201400757,0,0,0,1684
65.16680550575256,0,0,0,1684
65.1979832649231,0,0,0,1684
65.22969722747803,0,0,0,1684
65.261563539505,0,0,0,1684
65.29296493530273,0,0,0,1684
65.32414603233337,0,0,0,1684
65.35602331161499,0,0,0,1684
65.38741183280945,0,0,0,1684
65.41875696182251,0,0,0,1684
65.4506778717041,0,0,0,1684
65.48206329345703,0,0,0,1684
65.51326966285706,0,0,0,1684
65.54456496238708,0,0,0,1684
65.5763647556305,0,0,0,1684
65.60840511322021,0,0,0,1684
65.63935995101929,0,0,0,1684
65.67095422744751,0,0,0,1684
65.70224499702454,0,0,0,1684
65.73356771469116,0,0,0,1684
65.76565170288086,0,0,0,1684
65.79677200317383,0,0,0,1684
65.828129529953,0,0,0,1684
65.85996770858765,0,0,0,1684
65.89132761955261,0,0,0,1684
65.92266941070557,0,0,0,1684
65.95412468910217,0,0,0,1684
65.98599195480347,0,0,0,1684
66.01716136932373,0,0,0,1684
66.05059313774109,0,0,0,1684
66.08187413215637,0,0,0,1684
66.11347651481628,0,0,0,1684
66.14425206184387,0,0,0,1684
66.17610239982605,0,0,0,1684
66.20763421058655,0,0,0,1684
66.23927307128906,0,0,0,1684
66.2712049484253,0,0,0,1684
66.302481174469,0,0,0,1684
66.33369994163513,0,0,0,1684
66.36557054519653,0,0,0,1684
66.39694476127625,0,0,0,1684
66.42816519737244,0,0,0,1684
66.46020197868347,0,0,0,1684
66.4916422367096,0,0,0,1684
66.52280163764954,0,0,0,1684
66.55413603782654,0,0,0,1684
66.58548283576965,0,0,0,1684
66.61679887771606,0,0,0,1684
66.64800906181335,0,0,0,1684
66.67946267127991,0,0,0,1684
66.71080255508423,0,0,0,1684
66.74245357513428,0,0,0,1684
66.77432322502136,0,0,0,1684
66.80551648139954,0,0,0,1684
66.83672022819519,0,0,0,1684
66.8679621219635,0,0,0,1684
66.89924359321594,0,0,0,1684
66.93093395233154,0,0,0,1684
66.96247935295105,0,0,0,1684
66.99387788772583,0,0,0,1684
67.02507328987122,0,0,0,1684
67.0564546585083,0,0,0,1684
67.08777689933777,0,0,0,1684
67.11914706230164,0,0,0,1684
67.15036535263062,0,0,0,1684
67.18219995498657,0,0,0,1684
67.21416187286377,0,0,0,1684
67.24546194076538,0,0,0,1684
67.27720737457275,0,0,0,1684
67.30851769447327,0,0,0,1684
67.3397946357727,0,0,0,1684
67.37167453765869,0,0,0,1684
67.4029483795166,0,0,0,1684
67.43419146537781,0,0,0,1684
67.46597814559937,0,0,0,1684
67.49740433692932,0,0,0,1684
67.52864122390747,0,0,0,1684
67.56048893928528,0,0,0,1684
67.59190487861633,0,0,0,1684
67.62313485145569,0,0,0,1684
67.65487241744995,0,0,0,1684
67.68613862991333,0,0,0,1684
67.71775150299072,0,0,0,1684
67.7491569519043,0,0,0,1684
67.781081199646,0,0,0,1684
67.81222724914551,0,0,0,1684
67.84358787536621,0,0,0,1684
67.87550210952759,0,0,0,1684
67.90681290626526,0,0,0,1684
67.93801498413086,0,0,0,1684
67.96986985206604,0,0,0,1684
68.00121355056763,0,0,0,1684
68.03244304656982,0,0,0,1684
68.06435132026672,0,0,0,1684
68.09564518928528,0,0,0,1684
68.12695598602295,0,0,0,1684
68.1589150428772,0,0,0,1684
68.19061970710754,0,0,0,1684
68.22216367721558,0,0,0,1684
68.25361466407776,0,0,0,1684
68.28552317619324,0,0,0,1684
68.31670331954956,0,0,0,1684
68.34804010391235,0,0,0,1684
68.37964272499084,0,0,0,1684
68.41080713272095,0,0,0,1684
68.44217991828918,0,0,0,1684
68.47398567199707,0,0,0,1684
68.50535893440247,0,0,0,1684
68.53657221794128,0,0,0,1684
68.56831336021423,0,0,0,1684
68.59964060783386,0,0,0,1684
68.63093423843384,0,0,0,1684
68.66275453567505,0,0,0,1684
68.694020986557,0,0,0,1684
68.72528767585754,0,0,0,1684
68.75659418106079,0,0,0,1684
68.78835725784302,0,0,0,1684
68.8196668624878,0,0,0,1684
68.85090684890747,0,0,0,1684
68.88223123550415,0,0,0,1684
68.91355323791504,0,0,0,1684
68.94479870796204,0,0,0,1684
68.9766685962677,0,0,0,1684
69.0079197883606,0,0,0,1684
69.0391731262207,0,0,0,1684
69.07099175453186,0,0,0,1684
69.10234212875366,0,0,0,1684
69.13366651535034,0,0,0,1684
69.1653790473938,0,0,0,1684
